,source,author,title,description,url,urlToImage,publishedAt,content
0,"{'id': None, 'name': 'Gizmodo.com'}",Catie Keck,Travelex Reportedly Paid Ransomware Hackers 285 Bitcoin Worth Over $2 Million,"Following a ransomware attack against foreign exchange company Travelex earlier this year, the company reportedly paid a hefty, multimillion-dollar sum to hackers in the form of hundreds of bitcoin. Read more...",https://gizmodo.com/travelex-reportedly-paid-ransomware-hackers-285-bitcoin-1842782514,"https://i.kinja-img.com/gawker-media/image/upload/c_fill,f_auto,fl_progressive,g_center,h_675,pg_1,q_80,w_1200/y7yn0ztcocikqjpfsy9g.jpg",2020-04-09T21:40:00Z,"Following a ransomware attack against foreign exchange company Travelex earlier this year, the company reportedly paid a hefty, multimillion-dollar sum to hackers in the form of hundreds of bitcoin.
Citing a source familiar with the details of the transactio… [+2026 chars]"
1,"{'id': 'engadget', 'name': 'Engadget'}",Richard Lawler,WSJ: Travelex paid ransomware ring $2.3 million,"Earlier this year Travelex made news after attackers shut down its computer networks. Now the Wall Street Journal is reporting new details about the incident, including how much the foreign exchange company paid to resolve its problem: $2.3 million in the for…",https://www.engadget.com/wsj-travelex-paid-ransomware-hackers-23-million-233927208.html,https://o.aolcdn.com/images/dims?resize=1200%2C630&crop=1200%2C630%2C0%2C0&quality=80&image_uri=https%3A%2F%2Fs.yimg.com%2Fos%2Fcreatr-images%2F2020-04%2F8e7724a0-7aba-11ea-b5c2-0fcede8463b5&client=amp-blogside-v2&signature=d033ad544fcbaf37bc669e1d33cc28e7204e5339,2020-04-09T23:39:27Z,"Earlier this year Travelex made news after attackers shut down its computer networks. Now the Wall Street Journal is reporting new details about the incident, including how much the foreign exchange company paid to resolve its problem: $2.3 million in the for… [+606 chars]"
2,"{'id': 'the-next-web', 'name': 'The Next Web'}",Satoshi Nakaboto,Satoshi Nakaboto: ‘Bitcoin and S&P 500 Index highly correlated during coronavirus liquidation’,"Our robot colleague Satoshi Nakaboto writes about Bitcoin every fucking day. Welcome to another edition of Bitcoin Today, where I, Satoshi Nakaboto, tell you what’s been going on with Bitcoin in the past 24 hours. As Sloterdijk used to say: Time to learn some…",https://thenextweb.com/hardfork/2020/03/31/satoshi-nakaboto-bitcoin-and-sp-500-index-highly-correlated-during-coronavirus-liquidation/,https://img-cdn.tnwcdn.com/image/hardfork?filter_last=1&fit=1280%2C640&url=https%3A%2F%2Fcdn0.tnwcdn.com%2Fwp-content%2Fblogs.dir%2F1%2Ffiles%2F2019%2F08%2Fbitcoin_today-header_bitcoin_today.jpg&signature=30221b6a68049cc6bc3b58f3ddb38864,2020-03-31T10:07:07Z,"Our robot colleague Satoshi Nakaboto writes about Bitcoin BTC every fucking day.
Welcome to another edition of Bitcoin Today, where I, Satoshi Nakaboto, tell you whats been going on with Bitcoin in the past 24 hours. As Sloterdijk used to say: Time to learn … [+3160 chars]"
3,"{'id': 'the-next-web', 'name': 'The Next Web'}",Satoshi Nakaboto,Satoshi Nakaboto: ‘Binance launches Bitcoin mining pool’,"Our robot colleague Satoshi Nakaboto writes about Bitcoin every fucking day. Welcome to another edition of Bitcoin Today, where I, Satoshi Nakaboto, tell you what’s been going on with Bitcoin in the past 24 hours. As Planck used to say: Buy low, sell high! Bi…",https://thenextweb.com/hardfork/2020/04/28/satoshi-nakaboto-binance-launches-bitcoin-mining-pool/,https://img-cdn.tnwcdn.com/image/hardfork?filter_last=1&fit=1280%2C640&url=https%3A%2F%2Fcdn0.tnwcdn.com%2Fwp-content%2Fblogs.dir%2F1%2Ffiles%2F2019%2F08%2Fbitcoin_today-header_bitcoin_today.jpg&signature=30221b6a68049cc6bc3b58f3ddb38864,2020-04-28T10:16:38Z,"Our robot colleague Satoshi Nakaboto writes about Bitcoin BTC every fucking day.
Welcome to another edition of Bitcoin Today, where I, Satoshi Nakaboto, tell you whats been going on with Bitcoin in the past 24 hours. As Planck used to say: Buy low, sell high… [+3031 chars]"
4,"{'id': 'the-next-web', 'name': 'The Next Web'}",Satoshi Nakaboto,Satoshi Nakaboto: ‘Exchanges see 10% of Bitcoin withdrawn during coronavirus pandemic’,"Our robot colleague Satoshi Nakaboto writes about Bitcoin every fucking day. Welcome to another edition of Bitcoin Today, where I, Satoshi Nakaboto, tell you what’s been going on with Bitcoin in the past 24 hours. As Hannah Arendt used to say: Let’s get this …",https://thenextweb.com/hardfork/2020/04/15/satoshi-nakaboto-exchanges-see-10-of-bitcoin-withdrawn-during-coronavirus-pandemic/,https://img-cdn.tnwcdn.com/image/hardfork?filter_last=1&fit=1280%2C640&url=https%3A%2F%2Fcdn0.tnwcdn.com%2Fwp-content%2Fblogs.dir%2F1%2Ffiles%2F2019%2F08%2Fbitcoin_today-header_bitcoin_today.jpg&signature=30221b6a68049cc6bc3b58f3ddb38864,2020-04-15T09:03:30Z,"Our robot colleague Satoshi Nakaboto writes about Bitcoin BTC every fucking day.
Welcome to another edition of Bitcoin Today, where I, Satoshi Nakaboto, tell you whats been going on with Bitcoin in the past 24 hours. As Hannah Arendt used to say: Lets get th… [+2981 chars]"
5,"{'id': 'the-next-web', 'name': 'The Next Web'}",Satoshi Nakaboto,"Satoshi Nakaboto: ‘Bitcoin climbs above $7,000 for the first time since the coronavirus meltdown’","Our robot colleague Satoshi Nakaboto writes about Bitcoin every fucking day. Welcome to another edition of Bitcoin Today, where I, Satoshi Nakaboto, tell you what’s been going on with Bitcoin in the past 24 hours. As Faraday used to say: Let’s whip up a knowl…",https://thenextweb.com/hardfork/2020/04/07/satoshi-nakaboto-bitcoin-climbs-above-7000-for-the-first-time-since-the-coronavirus-meltdown/,https://img-cdn.tnwcdn.com/image/hardfork?filter_last=1&fit=1280%2C640&url=https%3A%2F%2Fcdn0.tnwcdn.com%2Fwp-content%2Fblogs.dir%2F1%2Ffiles%2F2019%2F08%2Fbitcoin_today-header_bitcoin_today.jpg&signature=30221b6a68049cc6bc3b58f3ddb38864,2020-04-07T09:09:09Z,"Our robot colleague Satoshi Nakaboto writes about Bitcoin BTC every fucking day.
Welcome to another edition of Bitcoin Today, where I, Satoshi Nakaboto, tell you whats been going on with Bitcoin in the past 24 hours. As Faraday used to say: Lets whip up a kn… [+2984 chars]"
6,"{'id': 'the-next-web', 'name': 'The Next Web'}",Satoshi Nakaboto,Satoshi Nakaboto: ‘Grayscale Bitcoin Trust now manages 2% of all Bitcoin’,"Our robot colleague Satoshi Nakaboto writes about Bitcoin every fucking day. Welcome to another edition of Bitcoin Today, where I, Satoshi Nakaboto, tell you what’s been going on with Bitcoin in the past 24 hours. As Albert Einstein used to say: Let’s whip up…",https://thenextweb.com/hardfork/2020/04/17/satoshi-nakaboto-grayscale-bitcoin-trust-now-manages-2-of-all-bitcoin/,https://img-cdn.tnwcdn.com/image/hardfork?filter_last=1&fit=1280%2C640&url=https%3A%2F%2Fcdn0.tnwcdn.com%2Fwp-content%2Fblogs.dir%2F1%2Ffiles%2F2019%2F08%2Fbitcoin_today-header_bitcoin_today.jpg&signature=30221b6a68049cc6bc3b58f3ddb38864,2020-04-17T10:22:22Z,"Our robot colleague Satoshi Nakaboto writes about Bitcoin BTC every fucking day.
Welcome to another edition of Bitcoin Today, where I, Satoshi Nakaboto, tell you whats been going on with Bitcoin in the past 24 hours. As Albert Einstein used to say: Lets whip… [+2994 chars]"
7,"{'id': 'the-next-web', 'name': 'The Next Web'}",Satoshi Nakaboto,"Satoshi Nakaboto: ‘Rich Dad Poor Dad author suggests saving Bitcoin, not cash’","Our robot colleague Satoshi Nakaboto writes about Bitcoin every fucking day. Welcome to another edition of Bitcoin Today, where I, Satoshi Nakaboto, tell you what’s been going on with Bitcoin in the past 24 hours. As Marx used to say: Yolo! Bitcoin price We c…",https://thenextweb.com/hardfork/2020/04/02/satoshi-nakaboto-rich-dad-poor-dad-author-suggests-saving-bitcoin-not-cash/,https://img-cdn.tnwcdn.com/image/hardfork?filter_last=1&fit=1280%2C640&url=https%3A%2F%2Fcdn0.tnwcdn.com%2Fwp-content%2Fblogs.dir%2F1%2Ffiles%2F2019%2F08%2Fbitcoin_today-header_bitcoin_today.jpg&signature=30221b6a68049cc6bc3b58f3ddb38864,2020-04-02T10:16:49Z,"Our robot colleague Satoshi Nakaboto writes about Bitcoin BTC every fucking day.
Welcome to another edition of Bitcoin Today, where I, Satoshi Nakaboto, tell you whats been going on with Bitcoin in the past 24 hours. As Marx used to say: Yolo!
Bitcoin price… [+2838 chars]"
8,"{'id': 'the-next-web', 'name': 'The Next Web'}",Satoshi Nakaboto,Satoshi Nakaboto: ‘Bitcoin exchanges see user influx since coronavirus outbreak’,"Our robot colleague Satoshi Nakaboto writes about Bitcoin every fucking day. Welcome to another edition of Bitcoin Today, where I, Satoshi Nakaboto, tell you what’s been going on with Bitcoin in the past 24 hours. As Habermass used to say: Bob’s your uncle! B…",https://thenextweb.com/hardfork/2020/04/03/satoshi-nakaboto-bitcoin-exchanges-see-user-influx-since-coronavirus-outbreak/,https://img-cdn.tnwcdn.com/image/hardfork?filter_last=1&fit=1280%2C640&url=https%3A%2F%2Fcdn0.tnwcdn.com%2Fwp-content%2Fblogs.dir%2F1%2Ffiles%2F2019%2F08%2Fbitcoin_today-header_bitcoin_today.jpg&signature=30221b6a68049cc6bc3b58f3ddb38864,2020-04-03T10:09:32Z,"Our robot colleague Satoshi Nakaboto writes about Bitcoin BTC every fucking day.
Welcome to another edition of Bitcoin Today, where I, Satoshi Nakaboto, tell you whats been going on with Bitcoin in the past 24 hours. As Habermass used to say: Bobs your uncle… [+3098 chars]"
9,"{'id': 'the-next-web', 'name': 'The Next Web'}",Satoshi Nakaboto,Satoshi Nakaboto: ‘Bitcoin correlates with S&P 500 during coronavirus pandemic’,"Our robot colleague Satoshi Nakaboto writes about Bitcoin every fucking day. Welcome to another edition of Bitcoin Today, where I, Satoshi Nakaboto, tell you what’s been going on with Bitcoin in the past 24 hours. As Nietzsche used to say: Yolo! Bitcoin price…",https://thenextweb.com/hardfork/2020/04/08/satoshi-nakaboto-bitcoin-correlates-with-sp-500-during-coronavirus-pandemic/,https://img-cdn.tnwcdn.com/image/hardfork?filter_last=1&fit=1280%2C640&url=https%3A%2F%2Fcdn0.tnwcdn.com%2Fwp-content%2Fblogs.dir%2F1%2Ffiles%2F2019%2F08%2Fbitcoin_today-header_bitcoin_today.jpg&signature=30221b6a68049cc6bc3b58f3ddb38864,2020-04-08T09:05:54Z,"Our robot colleague Satoshi Nakaboto writes about Bitcoin BTC every fucking day.
Welcome to another edition of Bitcoin Today, where I, Satoshi Nakaboto, tell you whats been going on with Bitcoin in the past 24 hours. As Nietzsche used to say: Yolo!
Bitcoin … [+2902 chars]"
10,"{'id': 'the-next-web', 'name': 'The Next Web'}",Satoshi Nakaboto,Satoshi Nakaboto: ‘Daily value transfer on Ethereum now on par with Bitcoin’,"Our robot colleague Satoshi Nakaboto writes about Bitcoin every fucking day. Welcome to another edition of Bitcoin Today, where I, Satoshi Nakaboto, tell you what’s been going on with Bitcoin in the past 24 hours. As Satoshi Nakamoto used to say: Your imagina…",https://thenextweb.com/hardfork/2020/04/16/satoshi-nakaboto-daily-value-transfer-on-ethereum-now-on-par-with-bitcoin/,https://img-cdn.tnwcdn.com/image/hardfork?filter_last=1&fit=1280%2C640&url=https%3A%2F%2Fcdn0.tnwcdn.com%2Fwp-content%2Fblogs.dir%2F1%2Ffiles%2F2019%2F08%2Fbitcoin_today-header_bitcoin_today.jpg&signature=30221b6a68049cc6bc3b58f3ddb38864,2020-04-16T10:20:33Z,"Our robot colleague Satoshi Nakaboto writes about Bitcoin BTC every fucking day.
Welcome to another edition of Bitcoin Today, where I, Satoshi Nakaboto, tell you whats been going on with Bitcoin in the past 24 hours. As Satoshi Nakamoto used to say: Your ima… [+2958 chars]"
11,"{'id': 'the-next-web', 'name': 'The Next Web'}",Satoshi Nakaboto,"Satoshi Nakaboto: ‘Not Bitcoin, but oil fell to $0’","Our robot colleague Satoshi Nakaboto writes about Bitcoin every fucking day. Welcome to another edition of Bitcoin Today, where I, Satoshi Nakaboto, tell you what’s been going on with Bitcoin in the past 24 hours. As Plato used to say: Whip it, whip it, whip …",https://thenextweb.com/hardfork/2020/04/21/satoshi-nakaboto-not-bitcoin-but-oil-fell-to-0/,https://img-cdn.tnwcdn.com/image/hardfork?filter_last=1&fit=1280%2C640&url=https%3A%2F%2Fcdn0.tnwcdn.com%2Fwp-content%2Fblogs.dir%2F1%2Ffiles%2F2019%2F08%2Fbitcoin_today-header_bitcoin_today.jpg&signature=30221b6a68049cc6bc3b58f3ddb38864,2020-04-21T09:38:15Z,"Our robot colleague Satoshi Nakaboto writes about Bitcoin BTC every fucking day.
Welcome to another edition of Bitcoin Today, where I, Satoshi Nakaboto, tell you whats been going on with Bitcoin in the past 24 hours. As Plato used to say: Whip it, whip it, w… [+3041 chars]"
12,"{'id': 'the-next-web', 'name': 'The Next Web'}",Satoshi Nakaboto,"Satoshi Nakaboto: ‘$1,200 Bitcoin purchases hit crypto exchanges, equivalent of stimulus’","Our robot colleague Satoshi Nakaboto writes about Bitcoin every fucking day. Welcome to another edition of Bitcoin Today, where I, Satoshi Nakaboto, tell you what’s been going on with Bitcoin in the past 24 hours. As Machiavelli used to say: Let’s add the mil…",https://thenextweb.com/hardfork/2020/04/23/satoshi-nakaboto-1200-bitcoin-purchases-hit-crypto-exchanges-equivalent-of-stimulus/,https://img-cdn.tnwcdn.com/image/hardfork?filter_last=1&fit=1280%2C640&url=https%3A%2F%2Fcdn0.tnwcdn.com%2Fwp-content%2Fblogs.dir%2F1%2Ffiles%2F2019%2F08%2Fbitcoin_today-header_bitcoin_today.jpg&signature=30221b6a68049cc6bc3b58f3ddb38864,2020-04-23T09:33:22Z,"Our robot colleague Satoshi Nakaboto writes about Bitcoin BTC every fucking day.
Welcome to another edition of Bitcoin Today, where I, Satoshi Nakaboto, tell you whats been going on with Bitcoin in the past 24 hours. As Machiavelli used to say: Lets add the … [+3166 chars]"
13,"{'id': 'the-next-web', 'name': 'The Next Web'}",Satoshi Nakaboto,Satoshi Nakaboto: ‘Prominent hedge fund starts trading Bitcoin futures’,"Our robot colleague Satoshi Nakaboto writes about Bitcoin every fucking day. Welcome to another edition of Bitcoin Today, where I, Satoshi Nakaboto, tell you what’s been going on with Bitcoin in the past 24 hours. As Planck used to say: Bob’s your uncle! Bitc…",https://thenextweb.com/hardfork/2020/04/20/satoshi-nakaboto-prominent-hedge-fund-starts-trading-bitcoin-futures/,https://img-cdn.tnwcdn.com/image/hardfork?filter_last=1&fit=1280%2C640&url=https%3A%2F%2Fcdn0.tnwcdn.com%2Fwp-content%2Fblogs.dir%2F1%2Ffiles%2F2019%2F08%2Fbitcoin_today-header_bitcoin_today.jpg&signature=30221b6a68049cc6bc3b58f3ddb38864,2020-04-20T09:29:06Z,"Our robot colleague Satoshi Nakaboto writes about Bitcoin BTC every fucking day.
Welcome to another edition of Bitcoin Today, where I, Satoshi Nakaboto, tell you whats been going on with Bitcoin in the past 24 hours. As Planck used to say: Bobs your uncle!
… [+2854 chars]"
14,"{'id': 'the-next-web', 'name': 'The Next Web'}",Satoshi Nakaboto,Satoshi Nakaboto: ‘Bitcoin is now worth as much as PayPal’,"Our robot colleague Satoshi Nakaboto writes about Bitcoin every fucking day. Welcome to another edition of Bitcoin Today, where I, Satoshi Nakaboto, tell you what’s been going on with Bitcoin in the past 24 hours. As Stephen Hawking used to say: Your heart mu…",https://thenextweb.com/hardfork/2020/03/30/satoshi-nakaboto-bitcoin-is-now-worth-as-much-as-paypal/,https://img-cdn.tnwcdn.com/image/hardfork?filter_last=1&fit=1280%2C640&url=https%3A%2F%2Fcdn0.tnwcdn.com%2Fwp-content%2Fblogs.dir%2F1%2Ffiles%2F2019%2F08%2Fbitcoin_today-header_bitcoin_today.jpg&signature=30221b6a68049cc6bc3b58f3ddb38864,2020-03-30T10:25:24Z,"Our robot colleague Satoshi Nakaboto writes about Bitcoin BTC every fucking day.
Welcome to another edition of Bitcoin Today, where I, Satoshi Nakaboto, tell you whats been going on with Bitcoin in the past 24 hours. As Stephen Hawking used to say: Your hear… [+2916 chars]"
15,"{'id': 'the-next-web', 'name': 'The Next Web'}",Satoshi Nakaboto,Satoshi Nakaboto: ‘Bitcoin loses top position on CoinMarketCap index’,"Our robot colleague Satoshi Nakaboto writes about Bitcoin every fucking day. Welcome to another edition of Bitcoin Today, where I, Satoshi Nakaboto, tell you what’s been going on with Bitcoin in the past 24 hours. As Hannah Arendt used to say: I got the horse…",https://thenextweb.com/hardfork/2020/04/01/satoshi-nakaboto-bitcoin-loses-top-position-on-coinmarketcap-index/,https://img-cdn.tnwcdn.com/image/hardfork?filter_last=1&fit=1280%2C640&url=https%3A%2F%2Fcdn0.tnwcdn.com%2Fwp-content%2Fblogs.dir%2F1%2Ffiles%2F2019%2F08%2Fbitcoin_today-header_bitcoin_today.jpg&signature=30221b6a68049cc6bc3b58f3ddb38864,2020-04-01T10:36:37Z,"Our robot colleague Satoshi Nakaboto writes about Bitcoin BTC every fucking day.
Welcome to another edition of Bitcoin Today, where I, Satoshi Nakaboto, tell you whats been going on with Bitcoin in the past 24 hours. As Hannah Arendt used to say: I got the h… [+2887 chars]"
16,"{'id': 'the-next-web', 'name': 'The Next Web'}",Satoshi Nakaboto,"Satoshi Nakaboto: ‘Bitcoin will go to $0 or $1M, says ex-Facebook exec’","Our robot colleague Satoshi Nakaboto writes about Bitcoin every fucking day. Welcome to another edition of Bitcoin Today, where I, Satoshi Nakaboto, tell you what’s been going on with Bitcoin in the past 24 hours. As Bentham used to say: Bob’s your uncle! Bit…",https://thenextweb.com/hardfork/2020/04/09/satoshi-nakaboto-bitcoin-will-go-to-0-or-1m-says-ex-facebook-exec/,https://img-cdn.tnwcdn.com/image/hardfork?filter_last=1&fit=1280%2C640&url=https%3A%2F%2Fcdn0.tnwcdn.com%2Fwp-content%2Fblogs.dir%2F1%2Ffiles%2F2019%2F08%2Fbitcoin_today-header_bitcoin_today.jpg&signature=30221b6a68049cc6bc3b58f3ddb38864,2020-04-09T09:31:40Z,"Our robot colleague Satoshi Nakaboto writes about Bitcoin BTC every fucking day.
Welcome to another edition of Bitcoin Today, where I, Satoshi Nakaboto, tell you whats been going on with Bitcoin in the past 24 hours. As Bentham used to say: Bobs your uncle!… [+2771 chars]"
17,"{'id': 'the-next-web', 'name': 'The Next Web'}",Satoshi Nakaboto,Satoshi Nakaboto: ‘Bitcoin halving search interest reaches all-time high’,"Our robot colleague Satoshi Nakaboto writes about Bitcoin every fucking day. Welcome to another edition of Bitcoin Today, where I, Satoshi Nakaboto, tell you what’s been going on with Bitcoin in the past 24 hours. As Nietzsche used to say: Success is just a p…",https://thenextweb.com/hardfork/2020/04/14/satoshi-nakaboto-bitcoin-halving-search-interest-reaches-all-time-high/,https://img-cdn.tnwcdn.com/image/hardfork?filter_last=1&fit=1280%2C640&url=https%3A%2F%2Fcdn0.tnwcdn.com%2Fwp-content%2Fblogs.dir%2F1%2Ffiles%2F2019%2F08%2Fbitcoin_today-header_bitcoin_today.jpg&signature=30221b6a68049cc6bc3b58f3ddb38864,2020-04-14T09:38:20Z,"Our robot colleague Satoshi Nakaboto writes about Bitcoin BTC every fucking day.
Welcome to another edition of Bitcoin Today, where I, Satoshi Nakaboto, tell you whats been going on with Bitcoin in the past 24 hours. As Nietzsche used to say: Success is just… [+3059 chars]"
18,"{'id': 'business-insider', 'name': 'Business Insider'}",Carmen Reinicke,Former hedge-fund titan Mike Novogratz says now's the time to buy bitcoin — even though it's down more than 30% over 2 months,"Former hedge-fund titan Mike Novogratz said that now is the time for bitcoin during a Monday interview with Bloomberg TV. ""In the last year it has become a macro weapon, and investment choice,"" he said, adding that in the last month he's seen ""hedge funds and…",https://markets.businessinsider.com/currencies/news/bitcoin-mike-novogratz-buy-now-coronavirus-pandemic-adoption-us-markets-2020-4-1029086695,https://images.markets.businessinsider.com/image/5daddebdcc4a0a050179d67a-2400/2015-05-06t120000z2018718607gf10000086141rtrmadp3usa-business.jpg,2020-04-13T18:41:40Z,"REUTERS/Rick Wilking
<ul><li>Former hedge-fund titan Mike Novogratz said that now is the time for bitcoin during a Monday interview with Bloomberg TV.</li><li>""In the last year it has become a macro weapon, and investment choice,"" he said, adding that in the… [+2071 chars]"
19,"{'id': 'the-next-web', 'name': 'The Next Web'}",David Canellis,So you received the Bitcoin ‘masturbation vid’ email — here’s what to do,"Welcome to Hard Fork Basics, a collection of informative guides to keep you up to date with the personal finance and investment world. This one is Bitcoin-themed. There’s a “sextortion” email scam going around that demands Bitcoin to keep steamy videos of you…",https://thenextweb.com/hardfork/2020/04/20/so-you-received-the-bitcoin-masturbation-vid-email-heres-what-to-do/,https://img-cdn.tnwcdn.com/image/hardfork?filter_last=1&fit=1280%2C640&url=https%3A%2F%2Fcdn0.tnwcdn.com%2Fwp-content%2Fblogs.dir%2F1%2Ffiles%2F2020%2F04%2Fbitcoinmast.jpg&signature=5e316d277a267fd4b0b3df9e3525c1ce,2020-04-20T16:12:20Z,"Welcome to Hard Fork Basics, a collection of informative guides to keep you up to date with the personal finance and investment world. This one is Bitcoin-themed.
Theres a sextortion email scam going around that demands Bitcoin BTC to keep steamy videos of y… [+3037 chars]"
20,"{'id': None, 'name': 'Hackaday.com'}",Bryan Cockfield,$100k to Crack a Bitcoin Wallet,"When Bitcoin peaked a few years ago, with single coins reaching around $18,000 USD, heartbreaking stories began circulating about people who had tens or hundreds of coins they mined in the early days when coins were worth just a few dollars or cents. Since th…",https://hackaday.com/2020/04/11/100k-to-crack-a-bitcoin-wallet/,https://hackaday.com/wp-content/uploads/2017/12/bitcoin-hype-featured.jpg,2020-04-12T02:00:00Z,"When Bitcoin peaked a few years ago, with single coins reaching around $18,000 USD, heartbreaking stories began circulating about people who had tens or hundreds of coins they mined in the early days when coins were worth just a few dollars or cents. Since th… [+1224 chars]"
21,"{'id': None, 'name': 'Readwrite.com'}",Atman Rathod,Could Cryptocurrency Applications Change the Future of Digital Payment?,Exchange of value in the form of money and funds has been an essential process since time immemorial. It only makes a difference in how the ways have changed through human history. A new method of exchange has taken shape as technology boomed its way over tim…,https://readwrite.com/2020/04/22/could-cryptocurrency-applications-change-the-future-of-digital-payment/,https://images.readwrite.com/wp-content/uploads/2020/03/Could-Cryptocurrency-Applications-Change-the-Future-of-Digital-Payment.jpg,2020-04-22T15:00:11Z,Exchange of value in the form of money and funds has been an essential process since time immemorial. It only makes a difference in how the ways have changed through human history. A new method of exchange has taken shape as technology boomed its way over tim… [+8889 chars]
22,"{'id': 'techcrunch', 'name': 'TechCrunch'}",Kirsten Korosec,Stocks post worst quarter since 2008 financial crisis,"The first quarter of 2020 ended with a whimper — with the Dow Jones Industrial Average, S&P 500 and NASDAQ posting their worst quarter in decades — as the COVID-19 pandemic continues to cause uncertainty and volatility across all major stock market indices. A…",http://techcrunch.com/2020/03/31/stocks-post-worst-quarter-since-2008-financial-crisis/,https://techcrunch.com/wp-content/uploads/2015/05/bear.jpg?w=649,2020-03-31T20:30:58Z,"The first quarter of 2020 ended with a whimper  with the Dow Jones Industrial Average, S&amp;P 500 and NASDAQ posting their worst quarter in decades as the COVID-19 pandemic continues to cause uncertainty and volatility across all major stock market indices.… [+2317 chars]"
23,"{'id': 'the-next-web', 'name': 'The Next Web'}",David Canellis,Travelex paid $2.3M in Bitcoin to get its systems back from hackers,"Travelex paid hackers $2.3 million worth of Bitcoin to regain access to its computer systems after a devastating ransomware attack on New Year’s Eve, reports the Wall Street Journal. The London-based company said it decided to pay the 285 BTC based on the adv…",https://thenextweb.com/hardfork/2020/04/09/travelex-paid-2-3m-in-bitcoin-to-get-its-systems-back-from-hackers/,https://img-cdn.tnwcdn.com/image/hardfork?filter_last=1&fit=1280%2C640&url=https%3A%2F%2Fcdn0.tnwcdn.com%2Fwp-content%2Fblogs.dir%2F1%2Ffiles%2F2019%2F10%2FHacker-ransomware-bitcoin.jpg&signature=4859a558b60218ed8c9f25030ec450fb,2020-04-09T17:01:42Z,"Travelex paid hackers $2.3 million worth of Bitcoin BTC to regain access to its computer systems after a devastating ransomware attack on New Years Eve, reports the Wall Street Journal.
The London-based company said it decided to pay the 285 BTC based on the… [+1013 chars]"
24,"{'id': None, 'name': 'Gizmodo.com'}",Dell Cameron,"Criminal Hackers Use Official-Looking Coronavirus Forms to Spread Malware, Steal Passwords","Security experts are tracking a range of new threats incidentally linked to the coronavirus that’s killed no fewer than 44,216 people worldwide. Where most see despair, some cyber criminals see opportunity. Read more...",https://gizmodo.com/coronavirus-email-forms-used-to-spread-malware-steal-p-1842617107,"https://i.kinja-img.com/gawker-media/image/upload/c_fill,f_auto,fl_progressive,g_center,h_675,pg_1,q_80,w_1200/c725zccvng8a4gnqpklc.jpg",2020-04-01T17:51:00Z,"Security experts are tracking a range of new threats incidentally linked to the coronavirus thats killed no fewer than 44,216 people worldwide. Where most see despair, some cyber criminals see opportunity.
Online, criminals are working to take advantage of t… [+2507 chars]"
25,"{'id': None, 'name': 'Cgmagonline.com'}",Clement Goh,Cooking Mama Becomes Subject of Strange Hacking Claims - CGMagazine,"Cooking Mama Becomes Subject of Strange Hacking Claims CGMagazine Mystery of the removed game Cooking Mama Cookstar videogamedunkey Is Cooking Mama Cookstar a bitcoin miner? Devs respond to cryptocurrency rumours! HITC - Football, Gaming, Movies, TV, Music Co…",https://www.cgmagonline.com/2020/04/06/xbox-series-x-controller-batteries/,https://images.cgmagonline.com/wp-content/uploads/2020/04/xbox-series-x-controller-continues-aa-and-rechargeable-battery-co-existence.jpg,2020-04-06T17:16:24Z,
26,"{'id': None, 'name': 'Wordpress.com'}",,We Recovered over $300K of Bitcoin,"Story time! Around twenty years ago, I was working as a reverse-engineer and cryptanalyst for AccessData while getting my Physics degree at BYU. It was the late 90s and early 2000s. The US governme…",https://reperiendi.wordpress.com/2020/04/03/how-i-recovered-over-300k-of-bitcoin/,https://s0.wp.com/i/blank.jpg,2020-04-03T21:20:51Z,"Story time! Around twenty years ago, I was working as a reverse-engineer and cryptanalyst for AccessData while getting my Physics degree at BYU. It was the late 90s and early 2000s. The US government had been gradually easing off export restrictions on softwa… [+13339 chars]"
27,"{'id': None, 'name': 'Readwrite.com'}",James Efron,Know Your Customer Regulations in Crypto Exchanges,"Over the past few years, buying top digital currencies such as Bitcoin and Ether is common in off-exchange trading. The utilization of digital assets at a corporate level is quite promising. The cash management is revolutionizing, which is revamping the conve…",https://readwrite.com/2020/04/20/know-your-customer-regulations-in-crypto-exchanges/,https://images.readwrite.com/wp-content/uploads/2020/03/Know-Your-Customer-Regulations-in-Crypto-Exchanges.jpg,2020-04-20T18:00:39Z,"Over the past few years, buying top digital currencies such as Bitcoin and Ether is common in off-exchange trading. The utilization of digital assets at a corporate level is quite promising. The cash management is revolutionizing, which is revamping the conve… [+8904 chars]"
28,"{'id': None, 'name': 'Righto.com'}",,The most common chip you've never heard of,http://habrahabr.ru/post/257387  This article is now available in Russian: Майним Bitcoin с помощью бумаги и ручки .  A die photo of the int...,http://www.righto.com/2014/05/reverse-engineering-tl431-most-common.html,,2020-04-16T03:40:58Z,"http://habrahabr.ru/post/257387
This article is now available in Russian: Bitcoin .
A die photo of the interesting but little-known TL431 power supply IC
provides an opportunity to explore how analog circuits are implemented in silicon.
While the circuit … [+21571 chars]"
29,"{'id': 'engadget', 'name': 'Engadget'}",Daniel Cooper,Facebook’s global currency plans were always doomed,"The Libra Association, the Facebook-backed cryptocurrency outfit with plans to own the future of money, has had a change of heart. After almost a full year of criticism, the body has climbed down from its original goal of creating a single “stablecoin” for th…",https://www.engadget.com/facebook-libra-changes-190011623.html,https://o.aolcdn.com/images/dims?resize=1200%2C630&crop=1200%2C630%2C0%2C0&quality=80&image_uri=https%3A%2F%2Fs.yimg.com%2Fos%2Fcreatr-images%2F2019-10%2Fcf057100-f024-11e9-affb-0198b744a3d7&client=amp-blogside-v2&signature=503fb05640a8f4f5e432093d505707c011e56447,2020-04-16T19:00:11Z,"Now, Libra will tie itself to a series of currencies, including US Dollars, Euros, and British Pounds. As TechCrunch explains, “when you send one Libra, you’ll actually send a fraction of USD-backed, EUR-backed, GBP-backed (etc.) stablecoins.” That should be … [+4629 chars]"
30,"{'id': 'the-next-web', 'name': 'The Next Web'}",Mix,New Android ransomware threatens to ‘expose’ your porn escapades to the FBI,"No, the feds don’t care about the porn you may or may not have downloaded — but hackers sure want you to believe so. There’s a new Android ransomware that encrypts your files and poses as the FBI to trick you into providing your credit card information. Dubbe…",https://thenextweb.com/?p=1288307,https://img-cdn.tnwcdn.com/image/tnw?filter_last=1&fit=1280%2C640&url=https%3A%2F%2Fcdn0.tnwcdn.com%2Fwp-content%2Fblogs.dir%2F1%2Ffiles%2F2019%2F04%2Fsextortion-blockchain-cryptocurrency-bitcoin-masturbation-video-hack.jpg&signature=3212fb12a19fb2deb4849037d4703cab,2020-04-28T10:00:51Z,"No, the feds dont care about the porn you may or may not have downloaded but hackers sure want you to believe so.
Theres a new Android ransomware that encrypts your files and poses as the FBI to trick you into providing your credit card information. Dubbed B… [+2146 chars]"
31,"{'id': None, 'name': 'Androidcentral.com'}",Luke Edwards,"IPVanish is a highly customizable VPN client, here's our full review","IPVanish Why choose IPVanish VPN A deeply customizable VPN that's great for streaming, torrenting and use on lots of devices at once. Works with Mac Windows Android iPhone & iPad Linux Routers Best VPN for Netflix, Hulu, and streaming Gaming Torrenting and do…",https://www.androidcentral.com/ipvanish-review,https://www.androidcentral.com/sites/androidcentral.com/files/styles/large/public/article_images/2020/02/ipvanish-hero.jpg?itok=IYBHtqNS,2020-04-16T15:48:44Z,"Pros
<ul><li>Netflix unblocking</li><li>Fast live chat support</li><li>Customizable apps</li><li>Owned servers</li></ul>
Cons
<ul><li>Short trial</li><li>Odd issue with usability</li><li>No Bitcoin support</li></ul>
IPVanish is a VPN that's U.S. based. Fo… [+4842 chars]"
32,"{'id': None, 'name': 'Bitcoinethereumnews.com'}",,Bitcoin and Ethereum Source-Code Stored in a Time Capsule for a 1000 Years,"Humankind just faced a huge threat from the epidemic spread of the deadly Coronavirus. As the battle against the virus is still on-going, it not",https://bitcoinethereumnews.com/bitcoin/bitcoin-and-ethereum-source-code-stored-in-a-time-capsule-for-a-1000-years/,https://cdn.coingape.com/wp-content/uploads/2020/04/02094053/time-capsule.jpg,2020-04-02T05:36:45Z,"Humankind just faced a huge threat from the epidemic spread of the deadly Coronavirus. As the battle against the virus is still on-going, it not far-fetched to fear apocalypse or global catastrophe in the future.
Advertisement
Github, the U.S. based company… [+2126 chars]"
33,"{'id': None, 'name': 'Hackaday.com'}",Jonathan Bennett,"This Week in Security: Nintendo Accounts, Pernicious Android Malware, and an iOS 0-day","A rash of Nintendo account compromises has made the news over the last week. Nintendo’s official response was that they were investigating, and recommended everyone enabled two factor authentication on their accounts.
[Dan Goodin] over at Ars Technica has a c…",https://hackaday.com/2020/04/24/this-week-in-security-nintendo-accounts-pernicious-android-malware-and-an-ios-0-day/,https://hackaday.com/wp-content/uploads/2016/01/darkarts.jpg,2020-04-24T14:00:44Z,"A rash of Nintendo account compromises has made the news over the last week. Nintendo’s official response was that they were investigating, and recommended everyone enabled two factor authentication on their accounts.
[Dan Goodin] over at Ars Technica has a … [+7209 chars]"
34,"{'id': None, 'name': 'Techmeme.com'}",,"Binance adds Bitcoin options trading to its mobile app, six months after adding futures trading, as it looks to widen its lead in the Bitcoin derivatives market (Colin Harper/Decrypt)","Colin Harper / Decrypt : Binance adds Bitcoin options trading to its mobile app, six months after adding futures trading, as it looks to widen its lead in the Bitcoin derivatives market — Binance launched Bitcoin futures trading half a year ago, and it's now …",https://www.techmeme.com/200414/p1,https://cdn.decrypt.co/wp-content/uploads/2020/04/binance-options-trading-mobile-900x470.jpg,2020-04-14T05:50:05Z,
35,"{'id': 'business-insider', 'name': 'Business Insider'}",Shalini Nagarajan,Global stocks jump after Japan ramps up economic stimulus and governments look to ease lockdowns,"<ul>
<li>Global stocks gained on Monday after the Bank of Japan bolstered its economic stimulus.</li>
<li>Investors also cheered reports that national governments, especially those in Europe, are set to ease lockdown restrictions in the coming weeks.</li>
<li…",https://markets.businessinsider.com/news/stocks/global-stocks-jump-bank-of-japan-boosts-stimulus-lockdowns-2020-4-1029132101,https://images.markets.businessinsider.com/image/5e99d99c8427e96bb4387328-2400/2010-11-16t000000z1911304768gm1e6bh0g9c01rtrmadp3markets-stocks.jpg,2020-04-27T10:35:28Z,"Brendan McDermid/Reuters
Global stocks rose Monday after the Bank of Japan ramped up its monetary stimulus in response to the coronavirus outbreak.
The central bank committed to a multi-pronged asset purchase plan, signaling its intention to mitigate the ec… [+2308 chars]"
36,"{'id': None, 'name': 'Techmeme.com'}",,"Bitcoin Cash reduces its block rewards by half, causing many miners to see gross margins drop to near zero, after reaching block height of 630,000 on Wednesday (Wolfie Zhao/CoinDesk)","Wolfie Zhao / CoinDesk : Bitcoin Cash reduces its block rewards by half, causing many miners to see gross margins drop to near zero, after reaching block height of 630,000 on Wednesday — Bitcoin Cash - the blockchain that forked off Bitcoin in 2017 - has just…",https://www.techmeme.com/200408/p29,https://www.coindesk.com/wp-content/uploads/2018/07/pig-bank-empty-e1532550519941-1200x628.jpg,2020-04-08T15:45:02Z,
37,"{'id': None, 'name': 'Androidcentral.com'}",Luke Edwards,"NordVPN may be one of the best VPN services for you to use, here's why","NordVPN Why choose NordVPN A feature rich VPN service that's great for Netflix unblocking, double layer security and plenty of app support. Works with Mac Windows Android iPhone & iPad Linux Routers Best VPN for Netflix, Hulu, and streaming Gaming Torrenting …",https://www.androidcentral.com/nordvpn-review,https://www.androidcentral.com/sites/androidcentral.com/files/styles/large/public/article_images/2020/02/nordvpn-hero.jpg?itok=YijuadgP,2020-04-02T14:28:35Z,"Pros
<ul><li>Netflix unblocking</li><li>Double kill switch </li><li>Fast live chat support</li><li>Dual layer encryption</li></ul>
Cons
<ul><li>Slightly above average prices</li><li>Browser extensions are basic</li></ul>
NordVPN is a very impressive servi… [+6616 chars]"
38,"{'id': None, 'name': 'Techmeme.com'}",,"Bitmain wins legal case against the 2nd-largest Bitcoin mining pool Poolin, which it previously owned, with court ruling Poolin cofounders violated non-competes (Decrypt)","Decrypt : Bitmain wins legal case against the 2nd-largest Bitcoin mining pool Poolin, which it previously owned, with court ruling Poolin cofounders violated non-competes — The second largest Bitcoin mining pool Poolin now has to return $123,000 to its former…",https://www.techmeme.com/200413/p19,https://cdn.decrypt.co/wp-content/uploads/2020/04/shutterstock_7726938521-900x470.jpg,2020-04-13T20:05:01Z,
39,"{'id': None, 'name': 'Techmeme.com'}",,"China-based Bitcoin miner maker Ebang files for a US IPO; Ebang had revenue of $109M in 2019, down from $319M in 2018 (Yogita Khatri/The Block)","Yogita Khatri / The Block:
China-based Bitcoin miner maker Ebang files for a US IPO; Ebang had revenue of $109M in 2019, down from $319M in 2018  —  Ebang International, one of the world's largest bitcoin mining machines manufacturers, has just formally filed…",https://www.techmeme.com/200425/p9,https://www.tbstat.com/wp/uploads/2020/03/Mining.jpg,2020-04-25T16:55:02Z,"About This Page
This is a Techmeme archive page.
It shows how the site appeared at 12:55 PM ET, April 25, 2020.
The most current version of the site as always is available at our home page.
To view an earlier snapshot click here
and then modify the date … [+9 chars]"
40,"{'id': None, 'name': 'Theregister.co.uk'}",Tim Anderson,Typosquatting RubyGems laced with Bitcoin-nabbing malware have been downloaded thousands of times,"'Seemingly no transactions were made' but problem highlights risks of software supply chain
A researcher has uncovered malicious packages in the RubyGems repository, one of which was downloaded more than 2,000 times.…",https://www.theregister.co.uk/2020/04/21/rubygems_bitcoin_malware/,https://regmedia.co.uk/2019/07/25/malware.jpg,2020-04-21T09:45:12Z,"A researcher has uncovered malicious packages in the RubyGems repository, one of which was downloaded more than 2,000 times.
RubyGems, the standard package manager for Ruby, was studied by threat analyst Tomislav Maljic at ReversingLabs, who highlighted rese… [+3335 chars]"
41,"{'id': 'business-insider', 'name': 'Business Insider'}",Theron Mohamed,"'A glimmer of hope': Stocks, oil jump on signs of a Chinese manufacturing recovery and progress in the coronavirus fight in Europe","Stocks climbed on Tuesday, driven by signs of a Chinese manufacturing recovery and the prospect of the novel coronavirus passing its peak in Europe. The Chinese government released a purchasing managers' index reading of 52 for March, up from 35.7 in February…",https://www.businessinsider.com/stocks-oil-jump-china-manufacturing-pmi-europe-coronavirus-gains-2020-3,https://i.insider.com/5e82fd922d41c11a767c1ca4?width=1200&format=jpeg,2020-03-31T10:05:03Z,"<ul><li>Stocks climbed on Tuesday, driven by signs of a Chinese manufacturing recovery and the prospect of the novel coronavirus passing its peak in Europe.</li><li>The Chinese government released a purchasing managers' index reading of 52 for March, up from … [+2817 chars]"
42,"{'id': None, 'name': 'Techmeme.com'}",,"Researchers discovered 725 Ruby libraries on the official RubyGems repository contained malware intended to copy users' clipboards, targeting bitcoin payments (Tomislav Maljic/ReversingLabs Blog)","Tomislav Maljic / ReversingLabs Blog : Researchers discovered 725 Ruby libraries on the official RubyGems repository contained malware intended to copy users' clipboards, targeting bitcoin payments — Typosquatting barrage on RubyGems software repository users…",https://www.techmeme.com/200418/p6,https://blog.reversinglabs.com/hubfs/Blog/Mining-for-malicious-Ruby-gems.jpg,2020-04-18T09:05:04Z,
43,"{'id': None, 'name': 'Theregister.co.uk'}",Iain Thomson,Grab your Bitcoin while you can because Purse.io is shutting up shop in June and you could lose the lot,"Amazon, the government, economics? Startup schtum on sudden closure Pulse.io is advising its customers to withdraw all digital funds from the site ""as soon as possible,"" after announcing it'll shut down completely on June 26.…",https://www.theregister.co.uk/2020/04/17/pulseio_shutdown_cryptocurrency/,https://regmedia.co.uk/2020/04/17/purse_shutterstock.jpg,2020-04-17T20:00:47Z,"Pulse.io is advising its customers to withdraw all digital funds from the site ""as soon as possible,"" after announcing it'll shut down completely on June 26.
The online souk, which matched bitcoin (BTC) and bitcoin cash (BCH) users who wanted to buy Amazon g… [+1372 chars]"
44,"{'id': None, 'name': 'Cracked.com'}",NisiOptimum,The Official Pablo Escobar Phone Saga Is Bonkers,The Escobar legacy lives on (in phone form).,https://www.cracked.com/article_27303_the-crazy-tale-official-pablo-escobar-smartphone.html,https://s3.crackedcdn.com/phpimages/article/4/9/5/729495_v3.jpg,2020-03-29T07:00:00Z,"This is actually the sickest burn the flamethrower produced.
As you might've figured out from the above tales, Roberto was always kind of a card. His biography is the source of a bunch of outlandish stories, like the one about the cartel losing 10 percent of… [+2580 chars]"
45,"{'id': None, 'name': 'Theregister.co.uk'}",Thomas Claburn,"Wake up, Neo: Microsoft mulls using your brain waves or body heat to mine crypto-currency while viewing ads","So this is how the world ends – as a Matrix fanfic
Microsoft last month applied for a US patent describing a way to use body activity like brain waves as proof-of-work in a cryptocurrency system.…",https://www.theregister.co.uk/2020/04/24/microsoft_brain_wave_cryptomining_ads/,https://regmedia.co.uk/2017/04/27/brain_shutterstock.jpg,2020-04-24T23:26:15Z,"Microsoft last month applied for a US patent describing a way to use body activity like brain waves as proof-of-work in a cryptocurrency system.
One of the ways the Windows giant's inventors imagine using the technology is to award cryptocurrency when people… [+2794 chars]"
46,"{'id': None, 'name': 'Forbes.com'}","Billy Bambrough, Contributor, Billy Bambrough, Contributor https://www.forbes.com/sites/billybambrough/",Crypto Traders See Bitcoin (But Not Ethereum) Surging To All-Time Highs In 2020—Here’s Why,"Despite bitcoin dropping by some 30% over the last 30-day period, survey results show bitcoin investors were upbeat at the beginning of the year, with most expecting the bitcoin price to soar to over $20,000 per bitcoin in 2020...",https://www.forbes.com/sites/billybambrough/2020/03/30/crypto-traders-see-bitcoin-but-not-ethereum-surging-to-all-time-highs-in-2020-heres-why/,https://thumbor.forbes.com/thumbor/fit-in/1200x0/filters%3Aformat%28jpg%29/https%3A%2F%2Fspecials-images.forbesimg.com%2Fimageserve%2F1214132428%2F0x0.jpg,2020-03-30T11:24:39Z,"Bitcoin investors have nervously watched markets over recent weeks, with some senior figures in the bitcoin community warning confidence has ""evaporated.""
The bitcoin price has swung wildly along with traditional markets since the coronavirus COVID-19 began … [+3781 chars]"
47,"{'id': 'the-times-of-india', 'name': 'The Times of India'}",Saloni Shukla and Sachin Dave,Bitcoin beats coronavirus blues,Bitcoin is currently the best performing asset class in the last one year.,https://economictimes.indiatimes.com/markets/stocks/news/bitcoin-beats-coronavirus-blues/articleshow/75049718.cms,"https://img.etimg.com/thumb/msid-75049754,width-1070,height-580,imgsize-116609,overlay-etmarkets/photo.jpg",2020-04-08T13:01:18Z,"Mumbai: Cryptocurrency as an asset class has outperformed others like stocks, bonds and commodities since the rout began on February 20 as punters believe that this could remain untouched by the Coronavirus inflicted pain on economies. 
The Supreme Court ord… [+2954 chars]"
48,"{'id': None, 'name': 'Forbes.com'}","Luke Fitzpatrick, Contributor, 
 Luke Fitzpatrick, Contributor
 https://www.forbes.com/sites/lukefitzpatrick/",Bitcoin Halving: A New Class Of Bitcoin Millionaires May Emerge,"The third bitcoin halving could be a major catalyst for monetary change, resulting in a generation of new crypto millionaires.",https://www.forbes.com/sites/lukefitzpatrick/2020/04/27/bitcoin-halving-a-new-class-of-bitcoin-millionaires-may-emerge/,https://thumbor.forbes.com/thumbor/fit-in/1200x0/filters%3Aformat%28jpg%29/https%3A%2F%2Fspecials-images.forbesimg.com%2Fimageserve%2F5ea67e59228117000681a65b%2F0x0.jpg,2020-04-27T06:46:25Z,"The photo shows a physical imitation of a Bitcoin in Dortmund, western Germany, on January 27, 2020. ... [+] (Photo by INA FASSBENDER / AFP) (Photo by INA FASSBENDER/AFP via Getty Images)
AFP via Getty Images
Crypto investors and hodlers alike are sitting o… [+5876 chars]"
49,"{'id': 'bloomberg', 'name': 'Bloomberg'}",,Bitcoin Jumps to Highest Level Since March's Coronavirus Crash,,https://www.bloomberg.com/news/articles/2020-04-23/bitcoin-jumps-to-highest-level-since-march-s-coronavirus-crash,,2020-04-23T17:11:23Z,
50,"{'id': 'bloomberg', 'name': 'Bloomberg'}",,"Bitcoin Risks Losing Momentum After Climbing Back to $7,000",,https://www.bloomberg.com/news/articles/2020-04-20/bitcoin-risks-losing-momentum-after-climbing-back-to-7-000,,2020-04-20T16:09:17Z,
51,"{'id': None, 'name': 'Forbes.com'}","Billy Bambrough, Contributor, Billy Bambrough, Contributor https://www.forbes.com/sites/billybambrough/",Former Hedge Fund Billionaire Bets Big On Bitcoin With Wager Against Gold And Treasuries,As bitcoin bulls eye the upcoming bitcoin halving—among other major developments on the horizon—former hedge fund billionaire-turned crypto investor Michael Novogratz has bet that bitcoin will outperform almost every other market...,https://www.forbes.com/sites/billybambrough/2020/04/09/former-hedge-fund-billionaire-bets-big-on-bitcoin-with-wager-against-gold-and-treasuries/,https://thumbor.forbes.com/thumbor/fit-in/1200x0/filters%3Aformat%28jpg%29/https%3A%2F%2Fspecials-images.forbesimg.com%2Fimageserve%2F1181728529%2F0x0.jpg,2020-04-09T06:25:28Z,"Bitcoin and cryptocurrency investors are feeling bullish after a rocky start to the year. 
The bitcoin price, trading more-or-less flat for 2020 so far, had rocketed in the first few months of the year but was halted in its tracks by the coronavirus crisis. … [+3208 chars]"
52,"{'id': None, 'name': 'Techmeme.com'}",,"New research on market inflows for stablecoins from Oct. 2017-present suggests Tether wasn't used to pump Bitcoin prices in 2017, contradicting previous reports (Colin Harper/Decrypt)","Colin Harper / Decrypt:
New research on market inflows for stablecoins from Oct. 2017-present suggests Tether wasn't used to pump Bitcoin prices in 2017, contradicting previous reports  —  New research is attempting to put one of crypto's favorite conspiracy …",https://www.techmeme.com/200423/p8,https://cdn.decrypt.co/wp-content/uploads/2020/04/tether-bitcoin-market-prices-900x470.jpg,2020-04-23T13:15:14Z,
53,"{'id': 'bloomberg', 'name': 'Bloomberg'}",,Bitcoin Pushes Through Key Level That Spurred January Rally,,https://www.bloomberg.com/news/articles/2020-04-03/bitcoin-pushes-through-key-level-that-spurred-january-rally,,2020-04-03T15:31:37Z,
54,"{'id': 'bloomberg', 'name': 'Bloomberg'}",,"Bitcoin Is Below $7,000 But Novogratz Stays Long, Shorts Stocks",,https://www.bloomberg.com/news/articles/2020-04-13/bitcoin-s-below-7-000-but-novogratz-stays-long-shorts-stocks,,2020-04-13T14:35:31Z,
55,"{'id': None, 'name': 'Forbes.com'}","Billy Bambrough, Contributor, Billy Bambrough, Contributorhttps://www.forbes.com/sites/billybambrough/",This Bitcoin Rival Is Suddenly Rocketing—Up 75% So Far This Year,"While bitcoin traders and investors are eagerly eyeing the upcoming bitcoin halving, some smaller cryptocurrencies are making massive gains...",https://www.forbes.com/sites/billybambrough/2020/04/28/this-bitcoin-rival-is-suddenly-rocketing-up-75-so-far-this-year/,https://thumbor.forbes.com/thumbor/fit-in/1200x0/filters%3Aformat%28jpg%29/https%3A%2F%2Fspecials-images.forbesimg.com%2Fimageserve%2F893557428%2F0x0.jpg,2020-04-28T22:56:02Z,"Bitcoin has rebounded after a heavy March sell-off to trade more-or-less flat for the year-to-date. 
While bitcoin traders and investors are eagerly eyeing the upcoming bitcoin halving, some smaller cryptocurrencies are making massive gains. 
Stellar lumens… [+2215 chars]"
56,"{'id': None, 'name': 'Techmeme.com'}",,"Report: Travelex paid hackers 285 BTC, worth around $2.3M, to regain access to its systems after a ransomware attack on New Year's Eve (David Canellis/The Next Web)","David Canellis / The Next Web : Report: Travelex paid hackers 285 BTC, worth around $2.3M, to regain access to its systems after a ransomware attack on New Year's Eve — HACKERS CONTROLED ITS NETWORKS FOR MORE THAN A MONTH — Travelex paid hackers $2.3 million …",https://www.techmeme.com/200409/p36,https://img-cdn.tnwcdn.com/image/hardfork?filter_last=1&fit=1280%2C640&url=https%3A%2F%2Fcdn0.tnwcdn.com%2Fwp-content%2Fblogs.dir%2F1%2Ffiles%2F2019%2F10%2FHacker-ransomware-bitcoin.jpg&signature=4859a558b60218ed8c9f25030ec450fb,2020-04-09T18:30:02Z,
57,"{'id': None, 'name': 'Forbes.com'}","Clem Chambers, Contributor, Clem Chambers, Contributor https://www.forbes.com/sites/investor/people/clem/",Bitcoin: The Halvening Cometh,"In May, the rate at which new bitcoins are created will be cut in half.",https://www.forbes.com/sites/investor/2020/04/15/bitcoin-the-halvening-cometh/,https://thumbor.forbes.com/thumbor/fit-in/1200x0/filters%3Aformat%28jpg%29/https%3A%2F%2Fspecials-images.forbesimg.com%2Fimageserve%2F872670632%2F0x0.jpg%3FcropX1%3D0%26cropX2%3D7359%26cropY1%3D377%26cropY2%3D4515,2020-04-15T15:11:41Z,"HONG KONG, HONG KONG - NOVEMBER 9: As a visual representation of the digital Cryptocurrency, Bitcoin ... [+] with US Dollar on November 9, 2017 in Hong Kong, Hong Kong. Cryptocurrencies - Bitcoin, have seen unprecedented growth in 2017. (Photo by studioEAST/G… [+3291 chars]"
58,"{'id': None, 'name': 'Forbes.com'}","Billy Bambrough, Contributor, Billy Bambrough, Contributor https://www.forbes.com/sites/billybambrough/",Bitcoin Is On Fire,"The bitcoin price is up almost 6% over the last 24-hour trading period, outperforming almost all major indexes with stocks across Europe following Asia slightly higher...",https://www.forbes.com/sites/billybambrough/2020/04/06/bitcoin-is-on-fire/,https://thumbor.forbes.com/thumbor/fit-in/1200x0/filters%3Aformat%28jpg%29/https%3A%2F%2Fspecials-images.forbesimg.com%2Fimageserve%2F1064216672%2F0x0.jpg,2020-04-06T11:08:38Z,"Bitcoin is once again climbing, making gains alongside broader marketswith the bitcoin price up 12% over the last week and powering into the second quarter. 
The bitcoin price is up almost 6% over the last 24-hour trading period, outperforming almost all maj… [+2562 chars]"
59,"{'id': None, 'name': 'Techmeme.com'}",,"Binance launches Bundle, a no-fee social payments app for users in Africa, starting in Nigeria with support for the naira, bitcoin, binance coin, and BUSD (Paddy Baker/CoinDesk)","Paddy Baker / CoinDesk:
Binance launches Bundle, a no-fee social payments app for users in Africa, starting in Nigeria with support for the naira, bitcoin, binance coin, and BUSD  —  A crypto payments app backed by global exchange Binance has launched in Nige…",https://www.techmeme.com/200423/p21,https://www.coindesk.com/wp-content/uploads/2020/04/shutterstock_1054621472-1200x628.jpg,2020-04-23T15:50:03Z,
60,"{'id': None, 'name': 'Forbes.com'}","Billy Bambrough, Contributor, Billy Bambrough, Contributor https://www.forbes.com/sites/billybambrough/",Is This When To Buy Bitcoin?,"With the next bitcoin halving fast approaching, some in the bitcoin and crypto community have called the bottom of the market—though others are not so sure...",https://www.forbes.com/sites/billybambrough/2020/04/14/is-this-when-to-buy-bitcoin/,https://thumbor.forbes.com/thumbor/fit-in/1200x0/filters%3Aformat%28jpg%29/https%3A%2F%2Fspecials-images.forbesimg.com%2Fimageserve%2F1201532637%2F0x0.jpg,2020-04-14T06:38:02Z,"Bitcoin has bounced after its price dropped to under $4,000 per bitcoin last monthclimbing to around $7,000 over the last two weeks. 
The bitcoin price, which is now trading flat for the year, has swung wildly due to the economic and financial devastation wr… [+2591 chars]"
61,"{'id': None, 'name': 'Forbes.com'}","Kyle Torpey, Contributor, Kyle Torpey, Contributor https://www.forbes.com/sites/ktorpey/",The Bitcoin Price Has Outperformed All Other Major Asset Classes Over The Past Year,"A recent Bitcoin price report has shown that, despite recent troubles, Bitcoin has been a top performing over the past twelve months.",https://www.forbes.com/sites/ktorpey/2020/04/13/the-bitcoin-price-has-outperformed-all-other-major-asset-classes-over-the-past-year/,https://thumbor.forbes.com/thumbor/fit-in/1200x0/filters%3Aformat%28jpg%29/https%3A%2F%2Fspecials-images.forbesimg.com%2Fimageserve%2F1071043112%2F0x0.jpg%3FcropX1%3D0%26cropX2%3D3660%26cropY1%3D185%26cropY2%3D2244,2020-04-14T03:10:00Z,"Getty
Much like basically every other asset in the world, the Bitcoin price fell sharply around the time COVID-19 was officially declared a pandemic by the World Health Organization on March 11th. While the price has recovered somewhat since the lows below $… [+3002 chars]"
62,"{'id': None, 'name': 'Fool.com'}",newsfeedback@fool.com (Dan Caplinger),The Surprise Bet to Beat the Coronavirus Bear Market,"Investors are putting their hopes in one particular investment, and by one measure, it's as attractive as it's been in a long time.",https://www.fool.com/investing/2020/04/17/the-surprise-bet-to-beat-the-coronavirus-bear-mark.aspx,https://g.foolcdn.com/editorial/images/568297/wall-street-gettyimages-488263377.jpg,2020-04-17T12:30:00Z,"The coronavirus pandemic has been a human tragedy, and it's also had major impacts on the financial markets. Even though stocks have recovered somewhat from the worst depths of the coronavirus bear market, they're still substantially below their highs from ju… [+4113 chars]"
63,"{'id': None, 'name': 'Threatpost.com'}",Tara Seals,Self-Propagating Malware Targets Thousands of Docker Ports Per Day,A Bitcoin-mining campaign using the Kinsing malware is spreading quickly thanks to cloud-container misconfigurations.,https://threatpost.com/self-propagating-malware-docker-ports/154453/,https://media.threatpost.com/wp-content/uploads/sites/103/2019/05/09121557/Docker-Image-Container.png,2020-04-03T19:31:27Z,"A Bitcoin-mining campaign using the Kinsing malware is spreading quickly thanks to cloud-container misconfigurations.The Docker cloud containerization technology is under fire, with an organized, self-propagating cryptomining campaign targeting misconfigured … [+5636 chars]"
64,"{'id': None, 'name': 'Entrepreneur.com'}",Kim Walsh Phillips,The 2 Things About Marketing That Never Change,"Before you create a social media strategy or spend a single dime, be sure you understand these basic guidelines.",https://www.entrepreneur.com/article/348156,https://assets.entrepreneur.com/content/3x2/2000/20200326145503-GettyImages-1070949634.jpeg,2020-04-21T14:00:00Z,"April
21, 2020
4 min read
Opinions expressed by Entrepreneur contributors are their own.
The following excerpt is from Dan S. Kennedy and Kim Walsh Phillips's No B.S. Guide to Direct Response Social Media Marketing, Second Edition. Buy it now from Amazon … [+4568 chars]"
65,"{'id': None, 'name': 'Forbes.com'}","Billy Bambrough, Contributor, 
 Billy Bambrough, Contributor
 https://www.forbes.com/sites/billybambrough/",Is 2020 The New 2017? Bitcoin Could Be This Year’s Best Performing Asset,"As bitcoin traders eye the biggest quantitative easing program ever undertaken, bitcoin could outperform the wider market in 2020 with investors scrambling to keep up with a rapidly evolving and uncertain situation...",https://www.forbes.com/sites/billybambrough/2020/04/24/is-2020-the-new-2017-bitcoin-could-be-this-years-best-performing-asset/,https://thumbor.forbes.com/thumbor/fit-in/1200x0/filters%3Aformat%28jpg%29/https%3A%2F%2Fspecials-images.forbesimg.com%2Fimageserve%2F1196862983%2F0x0.jpg,2020-04-24T23:24:09Z,"Bitcoin exploded onto the global stage in 2017 with a massive rally that made many early adopters overnight millionaires. 
The bitcoin price, which is up around 5% so far in 2020 after a rocky few weeks following the coronavirus crash, has swung wildly over … [+5433 chars]"
66,"{'id': None, 'name': 'Forbes.com'}","Billy Bambrough, Contributor, Billy Bambrough, Contributor https://www.forbes.com/sites/billybambrough/",Bitcoin’s Next Boom Has Already Begun,"After courts in India reversed a near two-year effective bitcoin ban earlier this year, bitcoin trading in the country is exploding—pushed higher by a country-wide economic slump and a coronavirus-induced lockdown...",https://www.forbes.com/sites/billybambrough/2020/04/10/bitcoins-next-boom-has-already-begun/,https://thumbor.forbes.com/thumbor/fit-in/1200x0/filters%3Aformat%28jpg%29/https%3A%2F%2Fspecials-images.forbesimg.com%2Fimageserve%2F897291156%2F0x0.jpg,2020-04-11T02:30:00Z,"Bitcoin and cryptocurrencies have returned to the spotlight in recent weeks, despite the bitcoin price crashing along with traditional markets last month. 
Governments and central banks around the world have moved to flood the market with freshly-minted cash… [+4214 chars]"
67,"{'id': None, 'name': 'Forbes.com'}","Luke Fitzpatrick, Contributor, Luke Fitzpatrick, Contributor https://www.forbes.com/sites/lukefitzpatrick/",Oobit Releases A Coinbase-Powered “Skyscanner” For Bitcoin,"Amran Adar and Aharon Miller founded Oobit in 2017 as a peer-to-peer (P2P) trading community, allowing users to trade bitcoin amongst one another. Since then, the company has expanded by launching a new “Skyscanner” for bitcoin.",https://www.forbes.com/sites/lukefitzpatrick/2020/04/11/oobit-releases-a-coinbase-powered-skyscanner-for-bitcoin/,https://thumbor.forbes.com/thumbor/fit-in/1200x0/filters%3Aformat%28jpg%29/https%3A%2F%2Fspecials-images.forbesimg.com%2Fimageserve%2F5e91b14e892edc0006725ed9%2F0x0.jpg%3FcropX1%3D0%26cropX2%3D4999%26cropY1%3D578%26cropY2%3D3392,2020-04-11T12:02:17Z,"INDIA - 2019/12/04: In this photo illustration a popular decentralised digital currency, Bitcoin ... [+] logo seen displayed on a smartphone. (Photo Illustration by Avishek Das/SOPA Images/LightRocket via Getty Images)
SOPA Images/LightRocket via Getty Image… [+8331 chars]"
68,"{'id': None, 'name': 'Gizmodo.com'}",Janet Burns,"Will Brands Reinvent Money, or Are Digital Dollars a Bust?","Many forms of so-called digital money aren’t actually so new or innovative—nor actual ‘money,’ in most cases—and often have a number of key aspects in common. The ways in which they differ, may be our best indicators for whether this or that payment system or…",https://gizmodo.com/will-brands-reinvent-money-or-are-digital-dollars-a-bu-1842899551,"https://i.kinja-img.com/gawker-media/image/upload/c_fill,f_auto,fl_progressive,g_center,h_675,pg_1,q_80,w_1200/b9elbpqeckeqo2wajnvp.gif",2020-04-20T14:00:00Z,"Many forms of so-called digital money arent actually so new or innovativenor actual money, in most casesand often have a number of key aspects in common. The ways in which they differ, may be our best indicators for whether this or that payment system or cryp… [+16771 chars]"
69,"{'id': 'business-insider', 'name': 'Business Insider'}",Reuters and Rob Price,Facebook is scaling back its digital currency project Libra as it tries to win regulatory approval,"Facebook is scaling back its cryptocurrency project Libra. The ambitious plan to build a new transnational digital currency faced a wave of criticism and regulatory scrutiny. On Thursday, it announced it would be linked to individual currencies and have addit…",https://www.businessinsider.com/facebook-scales-back-libra-cryptocurrency-project-2020-4,https://i.insider.com/5e7b4e892d41c15ee6126e6a?width=1200&format=jpeg,2020-04-16T16:29:07Z,"Facebook is scaling back its beleaguered cryptocurrency project Libra in an attempt to win regulatory approval.
The Silicon Valley-based social networking giant's ambitious digital currency will now be linked to individual currencies and overseen by global w… [+4478 chars]"
70,"{'id': 'the-times-of-india', 'name': 'The Times of India'}",,Get set for Bitcoin ‘halving’! Here’s what that means,"Bitcoin is notoriously volatile, prone to sudden price surges and swift reversals that can wipe out millions of dollars of value in a matter of minutes. Those changes are often mysterious to market observers, given the digital currency’s lack of fundamentals,…",https://economictimes.indiatimes.com/markets/stocks/news/get-set-for-bitcoin-halving-heres-what-that-means/be-ready-for-bitcoin-halving/articleshow/75406908.cms,,2020-04-27T10:47:17Z,
71,"{'id': None, 'name': 'Economist.com'}",The Economist,China aims to launch the world’s first official digital currency,"Little by little, the central bank will acquire more power to track how money is used",https://www.economist.com/finance-and-economics/2020/04/25/china-aims-to-launch-the-worlds-first-official-digital-currency,https://www.economist.com/sites/default/files/20200425_FNP502.jpg,2020-04-23T14:55:06Z,"CENTRAL BANKS have had a busy pandemic. Along with injecting vast amounts of money into the financial system, they have cleaned vast amounts of itliterally. From America to South Korea, central banks have quarantined and disinfected potentially contaminated b… [+2811 chars]"
72,"{'id': None, 'name': 'Forbes.com'}","Samantha Radocchia, Contributor, 
 Samantha Radocchia, Contributor
 https://www.forbes.com/sites/samantharadocchia/",Exclusive Interview: NFL Linebacker Russell Okung Talks Bitcoin And Why Fold’s New Visa Card Will Fast-Track Bitcoin Adoption,"Bitcoin is more than just a passion for NFL linebacker, Russell Okung.",https://www.forbes.com/sites/samantharadocchia/2020/04/21/exclusive-interview-nfl-linebacker-russell-okung-talks-bitcoin-and-why-folds-new-debit-card-will-fast-track-bitcoin-adoption/,https://thumbor.forbes.com/thumbor/fit-in/1200x0/filters%3Aformat%28jpg%29/https%3A%2F%2Fspecials-images.forbesimg.com%2Fimageserve%2F5e9f187410531200068f558a%2F0x0.jpg,2020-04-21T16:08:50Z,"NFL Linebacker Russell Okung
Russell Okung
Bitcoin is more than just a passion for NFL linebacker, Russell Okung. 
Its a way of life.
Starting in 2016, Okung co-founded the Greater Foundation, with the mission of equipping the next generation with the eco… [+4587 chars]"
73,"{'id': None, 'name': 'Sophos.com'}",Danny Bradbury,QR code generator scam steals thousands in Bitcoin,"Every once in a while an attack comes along that is so simple to set up, and yet so effective, that it makes your jaw drop. Here's one.",https://nakedsecurity.sophos.com/2020/04/01/qr-code-generator-scam-steals-thousands-in-bitcoin/,https://nakedsecurity.sophos.com/wp-content/uploads/sites/2/2020/04/shutterstock_793641088-compressor.jpg?w=775,2020-04-01T13:04:37Z,"Every once in a while an attack comes along that is so simple to set up, and yet so effective, that it makes your jaw drop. Here’s one: fake bitcoin QR generators. According to web developer and cryptocurrency enthusiast Harry Denley, a wily scammer has been … [+2098 chars]"
74,"{'id': None, 'name': 'Readwrite.com'}",Adedeji Adewale,Impact of COVID-19 in the Crypto Market,"In less than three months, the novel coronavirus (nCOVID -19) transformed from just one of the regular virus outbreaks in recent memories into a global pandemic, threatening to cause severe and drastic changes in the world’s most significant issues as we know…",https://readwrite.com/2020/04/24/impact-of-covid-19-in-the-crypto-market/,https://images.readwrite.com/wp-content/uploads/2020/04/Impact-of-COVID-19-in-the-Crypto-Market.jpeg,2020-04-24T20:00:07Z,"In less than three months, the novel coronavirus (nCOVID -19) transformed from just one of the regular virus outbreaks in recent memories into a global pandemic, threatening to cause severe and drastic changes in the world’s most significant issues as we know… [+4508 chars]"
75,"{'id': None, 'name': 'Forbes.com'}","Clem Chambers, Contributor, 
 Clem Chambers, Contributor
 https://www.forbes.com/sites/investor/people/clem/","Bitcoin, The 2020 Crash, Gold And Hyperinflation","There are three possible outcomes to this crisis: deflationary depression, little change and hyperinflation.",https://www.forbes.com/sites/investor/2020/04/27/bitcoin-the-2020-crash-gold-and-hyperinflation/,https://thumbor.forbes.com/thumbor/fit-in/1200x0/filters%3Aformat%28jpg%29/https%3A%2F%2Fspecials-images.forbesimg.com%2Fimageserve%2F5ea6d49e165a170006a5d625%2F0x0.jpg,2020-04-27T13:32:34Z,"Getty
There are three possible outcomes to this crisis: Deflationary depression, little change or hyperinflation.
Lets look at each of those in turn.
Deflationary depression 
Youd have thought that with all the stimulus that deflationary depression would … [+4770 chars]"
76,"{'id': None, 'name': 'Forbes.com'}","Billy Bambrough, Contributor, 
 Billy Bambrough, Contributor
 https://www.forbes.com/sites/billybambrough/",Billionaire Mark Cuban Reveals When He Would Buy Into Bitcoin,Dallas Mavericks owner and billionaire investor Mark Cuban has previously said he'd rather have bananas than bitcoin--but that could change...,https://www.forbes.com/sites/billybambrough/2020/04/21/billionaire-mark-cuban-reveals-when-he-would-buy-into-bitcoin/,https://thumbor.forbes.com/thumbor/fit-in/1200x0/filters%3Aformat%28jpg%29/https%3A%2F%2Fspecials-images.forbesimg.com%2Fimageserve%2F5e9f25a28c2caa0006e70617%2F0x0.jpg,2020-04-21T23:20:00Z,"Billionaire investor Mark Cuban isn't a fan of bitcoin, saying he'd ""rather have bananas.""
The bitcoin price has lost around 16% since Cuban's comments, while bananas are still going for about the sameproving Cuban right, in a way.
Now, after previously bra… [+3052 chars]"
77,"{'id': None, 'name': 'Forbes.com'}","Kyle Torpey, Contributor, Kyle Torpey, Contributor https://www.forbes.com/sites/ktorpey/",Billionaire Makes The Case For A $1 Million Bitcoin Price,A former Facebook executive explains how the Bitcoin price could climb into the millions.,https://www.forbes.com/sites/ktorpey/2020/04/05/billionaire-explains-the-path-to-a-1-million-bitcoin-price/,https://thumbor.forbes.com/thumbor/fit-in/1200x0/filters%3Aformat%28jpg%29/https%3A%2F%2Fspecials-images.forbesimg.com%2Fimageserve%2F42396515%2F0x0.jpg,2020-04-06T02:10:00Z,"Chamath Palihapitiya, founder and chief executive officer of Social Capital LP, listens during the ... [+] Bloomberg Business of Equality conference in New York, U.S., on Tuesday, May 8, 2018. (Mark Kauzlarich/Bloomberg)
© 2018 Bloomberg Finance LP
Social C… [+4727 chars]"
78,"{'id': None, 'name': 'Forbes.com'}","Justin O'Connell, Contributor, Justin O'Connell, Contributor https://www.forbes.com/sites/justinoconnell/",How Bitcoin Could Anchor Web 3.0,"Muneeb Ali, founder of Blockstack PBC: Bitcoin is the reserve currency of a unified digital society.",https://www.forbes.com/sites/justinoconnell/2020/04/12/how-bitcoin-could-anchor-web-30/,https://thumbor.forbes.com/thumbor/fit-in/1200x0/filters%3Aformat%28jpg%29/https%3A%2F%2Fspecials-images.forbesimg.com%2Fimageserve%2F5e939dcc01879f0006d2779b%2F0x0.jpg,2020-04-12T23:40:09Z,"Bitcoin introduced digital property, says Muneeb Ali, founder of Blockstack PBC, the entity, which spearheads development of Blockstacks Stacks blockchain, an open-source project building software for a user owned internet. 
In human civilization, whenever y… [+5426 chars]"
79,"{'id': None, 'name': 'Forbes.com'}","Simon Moore, Contributor, Simon Moore, Contributor https://www.forbes.com/sites/simonmoore/",How Has Bitcoin Performed During The Crisis?,"Some view Bitcoin as a safe-haven asset, has it behaved like one?",https://www.forbes.com/sites/simonmoore/2020/04/11/how-has-bitcoin-performed-during-the-crisis/,https://thumbor.forbes.com/thumbor/fit-in/1200x0/filters%3Aformat%28jpg%29/https%3A%2F%2Fspecials-images.forbesimg.com%2Fimageserve%2F5e911fb6892edc0006725dc4%2F0x0.jpg,2020-04-11T17:43:15Z,"How has Bitcoin held up during the recent market stress? (Photo by INA FASSBENDER/AFP via Getty ... [+] Images)
AFP via Getty Images
Some argue that Bitcoin is potentially a robust defensive asset, somewhat like gold. This is Bitcoins first major U.S. reces… [+3249 chars]"
80,"{'id': None, 'name': 'Forbes.com'}","Billy Bambrough, Contributor, Billy Bambrough, Contributor https://www.forbes.com/sites/billybambrough/",It’s Make Or Break For Bitcoin,"With bitcoin fast approaching its own halving event, scheduled for May 12, it's make-or-break for the original and most valuable cryptocurrency...",https://www.forbes.com/sites/billybambrough/2020/04/18/its-make-or-break-for-bitcoin/,https://thumbor.forbes.com/thumbor/fit-in/1200x0/filters%3Aformat%28jpg%29/https%3A%2F%2Fspecials-images.forbesimg.com%2Fimageserve%2F5e9aad4b7be2870006ce1f8d%2F0x0.jpg,2020-04-18T09:55:00Z,"Bitcoin offshoots bitcoin cash and bitcoin SV underwent so-called halvings last week, with the number of tokens rewarded to those who maintain the network cut by half. 
Bitcoin cash, which broke away from bitcoin in a 2017 schism that was sparked by technica… [+5288 chars]"
81,"{'id': None, 'name': 'Forbes.com'}","Charles Bovaird, Contributor, Charles Bovaird, Contributor https://www.forbes.com/sites/cbovaird/",Is Bitcoin Headed For A Sharp Decline?,"Bitcoin could lose 50% of its value in the near future, said one analyst. Where will the volatile cryptocurrency head next?",https://www.forbes.com/sites/cbovaird/2020/04/15/is-bitcoin-headed-for-a-sharp-decline/,https://thumbor.forbes.com/thumbor/fit-in/1200x0/filters%3Aformat%28jpg%29/https%3A%2F%2Fspecials-images.forbesimg.com%2Fimageserve%2F1214132368%2F0x0.jpg,2020-04-15T23:01:22Z,"Bitcoin prices could be on track to record serious losses in the near future, says one technical ... [+] analyst. (Photo by Yuriko Nakao/Getty Images)
Getty Images
Bitcoin, the worlds most prominent digital currency, may be headed for a substantial correcti… [+3229 chars]"
82,"{'id': None, 'name': 'Forbes.com'}","Crypto Confidential, Forbes Staff, Crypto Confidential, Forbes Staff https://www.forbes.com/sites/cryptoconfidential/",Bitcoin Bulls Rejoice; Lawsuits Target Major Exchanges,"Bitcoin kept rallying this week, climbing to a three-week high at more than $7,400 after a 10% rise from Sunday to Tuesday.",https://www.forbes.com/sites/cryptoconfidential/2020/04/12/bitcoin-bulls-rejoice-lawsuits-target-major-exchanges/,https://thumbor.forbes.com/thumbor/fit-in/1200x0/filters%3Aformat%28jpg%29/https%3A%2F%2Fspecials-images.forbesimg.com%2Fimageserve%2F1130794858%2F0x0.jpg,2020-04-12T13:00:00Z,"Get Forbes' top crypto and blockchain stories delivered to your inbox every week for the latest news on bitcoin, other major cryptocurrencies and enterprise blockchain adoption.
Getty
CRYPTO MARKETS
Bitcoin kept rallying this week, climbing to a three-week… [+3182 chars]"
83,"{'id': None, 'name': 'Forbes.com'}","Luke Fitzpatrick, Contributor, Luke Fitzpatrick, Contributor https://www.forbes.com/sites/lukefitzpatrick/",The Liquidity Crunch: Bitcoin And Beyond,"From early September 2008 to June 2009, the Fed’s balance sheet doubled from roughly $1 trillion to $2 trillion via its monetary toolkit of quantitative easing and open market operations—scooping up treasuries and mortgage-backed securities.",https://www.forbes.com/sites/lukefitzpatrick/2020/04/18/the-liquidity-crunch-bitcoin-and-beyond/,https://thumbor.forbes.com/thumbor/fit-in/1200x0/filters%3Aformat%28jpg%29/https%3A%2F%2Fspecials-images.forbesimg.com%2Fimageserve%2F5e9b1a72f57d440006ee42de%2F0x0.jpg,2020-04-18T15:21:07Z,"PARIS, FRANCE - JUNE 25: In this photo illustration, a visual representation of the digital ... [+] Cryptocurrency, Bitcoin is displayed on June 25, 2019 in Paris, France. Bitcoin surpassed the 11,000 dollar mark Monday, Facebook's arrival on the cryptocurren… [+6016 chars]"
84,"{'id': None, 'name': 'Forbes.com'}","Michael del Castillo, Forbes Staff, Michael del Castillo, Forbes Staff https://www.forbes.com/sites/michaeldelcastillo/",A Bitcoin Bastion For The Wild West,Bitcoins and dollars are like oil and water—but financier Caitlin Long says she can blend them inside one novel institution domiciled in Wyoming.,https://www.forbes.com/sites/michaeldelcastillo/2020/04/01/a-bitcoin-bastion-for-the-wild-west/,https://thumbor.forbes.com/thumbor/fit-in/1200x0/filters%3Aformat%28jpg%29/https%3A%2F%2Fspecials-images.forbesimg.com%2Fimageserve%2F5e8400d5f771aa0006a04c06%2F0x0.jpg%3FcropX1%3D0%26cropX2%3D1600%26cropY1%3D132%26cropY2%3D1032,2020-04-01T13:00:00Z,"Pictured: Avanti CEO Caitlin Long sits on a fence in front of the Vedauwoo granite outcropping in southeastern Wyoming, near the banks headquarters in Cheyenne.
Eight years ago, Caitlin Long was a card-carrying member of the financial establishment. As head … [+10572 chars]"
85,"{'id': None, 'name': 'Forbes.com'}","Crypto Confidential, Forbes Staff, Crypto Confidential, Forbes Staff https://www.forbes.com/sites/cryptoconfidential/",Bitcoin Surges Amid Crisis; Binance’s Surprising Addition,Binance's acquisition of crypto scorekeeper CoinMarketCap appears to create a puzzling conflict of interest.,https://www.forbes.com/sites/cryptoconfidential/2020/04/05/bitcoin-surges-amid-crisis-binances-surprising-addition/,https://thumbor.forbes.com/thumbor/fit-in/1200x0/filters%3Aformat%28jpg%29/https%3A%2F%2Fspecials-images.forbesimg.com%2Fimageserve%2F5e89de8901879f000703daae%2F0x0.jpg,2020-04-05T13:39:20Z,"Get Forbes' top crypto and blockchain stories delivered to your inbox every week for the latest news on bitcoin, other major cryptocurrencies and enterprise blockchain adoption.
Getty
CRYPTO MARKETS
Bitcoin climbed 17% in a 24-hour period from Wednesday to… [+3490 chars]"
86,"{'id': None, 'name': 'Forbes.com'}","Billy Bambrough, Contributor, Billy Bambrough, Contributor https://www.forbes.com/sites/billybambrough/",This Could Be The Biggest Ever Month For Bitcoin And Crypto,Bitcoin and cryptocurrency investors are gearing up for what could be their biggest month ever as the countdown to bitcoin's halving begins...,https://www.forbes.com/sites/billybambrough/2020/04/07/this-could-be-the-biggest-ever-month-for-bitcoin-and-crypto/,https://thumbor.forbes.com/thumbor/fit-in/1200x0/filters%3Aformat%28jpg%29/https%3A%2F%2Fspecials-images.forbesimg.com%2Fimageserve%2F1205769770%2F0x0.jpg,2020-04-07T23:10:00Z,"Bitcoin and cryptocurrency investors are gearing up for what could be their biggest month ever as the countdown to bitcoin's next halving begins. 
This week, bitcoin offshoots bitcoin cash and bitcoin SV will also go through halvingswith the number of new to… [+4589 chars]"
87,"{'id': 'bloomberg', 'name': 'Bloomberg'}",,"Why Billionaire Novogratz Is Short Stocks and Credit, Long on Bitcoin",,https://www.bloomberg.com/news/videos/2020-04-13/why-billionaire-novogratz-is-short-stocks-long-on-bitcoin-video,,2020-04-13T14:36:54Z,
88,"{'id': None, 'name': 'Threatpost.com'}",Tara Seals,Bitcoin Stealers Hide in 700+ Ruby Developer Libraries,"Cybercriminals uploaded typosquatted malicious libraries to RubyGems, which contains open-source components that are used as basic application building blocks by software developers.",https://threatpost.com/bitcoin-stealers-700-ruby-developer-libraries/154937/,https://media.threatpost.com/wp-content/uploads/sites/103/2020/04/20115724/ruby-e1587398259236.jpg,2020-04-20T16:23:04Z,"Cybercriminals uploaded typosquatted malicious libraries to RubyGems, which contains open-source components that are used as basic application building blocks by software developers.About 760 malicious libraries, bent on stealing Bitcoin, have been identified… [+5948 chars]"
89,"{'id': None, 'name': 'Forbes.com'}","Kyle Torpey, Contributor, Kyle Torpey, Contributor https://www.forbes.com/sites/ktorpey/",A ‘Perfect Storm’ Is Brewing For The Bitcoin Price,A new report has shed light on how miner capitulation could help the Bitcoin price in the near future.,https://www.forbes.com/sites/ktorpey/2020/04/08/a-perfect-storm-is-brewing-for-the-bitcoin-price/,https://thumbor.forbes.com/thumbor/fit-in/1200x0/filters%3Aformat%28jpg%29/https%3A%2F%2Fspecials-images.forbesimg.com%2Fimageserve%2F5e8e118c93ef920006d39eb2%2F0x0.jpg,2020-04-09T02:10:00Z,"Technicians inspect bitcoin mining machines at a mining facility operated by Bitmain Technologies ... [+] Ltd. in Ordos, Inner Mongolia, China, on Friday, Aug. 11, 2017. (Qilai Shen/Bloomberg)
© 2017 Bloomberg Finance LP
The Bitcoin price is known to be ext… [+5020 chars]"
90,"{'id': None, 'name': 'Forbes.com'}","Billy Bambrough, Contributor, Billy Bambrough, Contributor https://www.forbes.com/sites/billybambrough/","Crypto Market Surges Over $200 Billion As Bitcoin, Ethereum, Ripple’s XRP And Litecoin Soar—Here’s Why",Bitcoin and other major cryptocurrencies are soaring—pushing the combined value of the crypto market back over $200 billion...,https://www.forbes.com/sites/billybambrough/2020/04/17/crypto-market-surges-over-200-billion-as-bitcoin-ethereum-ripples-xrp-and-litecoin-soar-heres-why/,https://thumbor.forbes.com/thumbor/fit-in/1200x0/filters%3Aformat%28jpg%29/https%3A%2F%2Fspecials-images.forbesimg.com%2Fimageserve%2F1165309446%2F0x0.jpg,2020-04-17T06:31:09Z,"Bitcoin and other major cryptocurrencies are soaringpushing the combined value of the crypto market back over $200 billion. 
Bitcoin, along with top ten tokens ethereum, Ripple's XRP, litecoin and bitcoin cash have all climbed between 6% and 12% over the las… [+2574 chars]"
91,"{'id': None, 'name': 'Seekingalpha.com'}",Financial Freedom Institute,Bitcoin Is Not A Store Of Value,"A common Bitcoin bull claim is that Bitcoin is a store of value.We dispute that claim.""Value"" is not maintained in something with Bitcoin's degree of volatility.At best, Bitcoin is a means of exchange and a lousy one at that.",https://seekingalpha.com/article/4335905-bitcoin-is-not-store-of-value,https://static2.seekingalpha.com/images/marketing_images/fair_use_logos_products/sacl_bitcoin_bitcoin.jpeg,2020-04-03T19:06:05Z,"Apparently, we are the rare Bitcoin (BTC-USD) bear here on Seeking Alpha, and our last article generated quite a lot of consternation from bulls.
Today, we address the Bitcoin bull claim that Bitcoin is a ""store of value"".
We disagree. In fact, we don't bel… [+4119 chars]"
92,"{'id': None, 'name': 'Forbes.com'}","Billy Bambrough, Contributor, Billy Bambrough, Contributor https://www.forbes.com/sites/billybambrough/","Bitcoin Is Suddenly Soaring And Smashing The Dow, S&P 500, And Nasdaq Indexes","The bitcoin price, which last month fell to under $4,000 in the aftermath of the coronavirus-induced market crash, has rallied hard since its lows—almost doubling in value...",https://www.forbes.com/sites/billybambrough/2020/04/02/bitcoin-is-suddenly-soaring-and-smashing-dow-sp-500-and-nasdaq--indexes/,https://thumbor.forbes.com/thumbor/fit-in/1200x0/filters%3Aformat%28jpg%29/https%3A%2F%2Fspecials-images.forbesimg.com%2Fimageserve%2F1207431281%2F0x0.jpg,2020-04-02T18:28:51Z,"Bitcoin has roared into the second quarter of the year, jumping above $7,000 per bitcoin and rising almost 15% over the last 24 hours. 
The bitcoin price, which last month fell to under $4,000 in the aftermath of the coronavirus-induced broad market crash, h… [+2593 chars]"
93,"{'id': None, 'name': 'Forbes.com'}","Billy Bambrough, Contributor, Billy Bambrough, Contributor https://www.forbes.com/sites/billybambrough/",This Bitcoin Challenger Is Suddenly Soaring And Fast Approaching Its All-Time High Price,Bitcoin is struggling to hold on to its post-coronavirus crash gains but some smaller cryptocurrencies are gaining ground...,https://www.forbes.com/sites/billybambrough/2020/04/11/this-bitcoin-challenger-is-suddenly-soaring-and-fast-approaching-its-all-time-high-price/,https://thumbor.forbes.com/thumbor/fit-in/1200x0/filters%3Aformat%28jpg%29/https%3A%2F%2Fspecials-images.forbesimg.com%2Fimageserve%2F963468380%2F0x0.jpg,2020-04-12T01:09:23Z,"Bitcoin is struggling to hold on to its post-coronavirus crash gains but some smaller cryptocurrencies are soaring. 
The bitcoin price has treaded water over the last 24-hour trading periodthough top 20 cryptocurrency chainlink as added some 3% over that tim… [+2373 chars]"
94,"{'id': None, 'name': 'Torrentfreak.com'}",Ernesto,Anti-Piracy Lawyer Offers to Withdraw Twitter Complaint Against Popcorn Time in Exchange for a Settlement,"A Hawaiian anti-piracy lawyer, who represents several prominent movie companies, has presented Popcorn Time with a deal. After first offering a license to use the Popcorn Time trademark, he proposed a $4,900 'settlement' ""not to sue,"" payable in Bitcoin. To s…",https://torrentfreak.com/anti-piracy-lawyer-offers-to-withdraw-twitter-complaint-against-popcorn-time-200426/,https://torrentfreak.com/images/money-feat.jpg,2020-04-26T19:52:02Z,"Earlier this month we reported that a popular Popcorn Time fork had its Twitter account suspended over an alleged trademark violation. 
As it turned out, this was the work of Hawaiian anti-piracy lawyer Kerry Culpepper, who used the “Popcorn Time” trademark … [+5624 chars]"
95,"{'id': None, 'name': 'Forbes.com'}","Billy Bambrough, Contributor, Billy Bambrough, Contributor https://www.forbes.com/sites/billybambrough/",Bitcoin’s Huge Surge This Week Could Be The Tip Of The Iceberg As Trader’s Recall 2017 Gold Rush,"The precise reason for bitcoin's rise was not immediately clear, though reports of an increase in bitcoin demand this week could herald a retail investor driven surge similar to bitcoin's epic 2017 rally...",https://www.forbes.com/sites/billybambrough/2020/04/04/bitcoins-huge-surge-this-week-could-be-the-tip-of-the-iceberg-as-traders-recall-2017-gold-rush/,https://thumbor.forbes.com/thumbor/fit-in/1200x0/filters%3Aformat%28jpg%29/https%3A%2F%2Fspecials-images.forbesimg.com%2Fimageserve%2F1214132419%2F0x0.jpg,2020-04-04T10:00:55Z,"Bitcoin has climbed 10% this week, gaining along with gold as stock markets remain under significant pressurewith bitcoin's performance outpacing the Dow, the S&amp;P 500 and the Nasdaq.
The bitcoin price, which is more-or-less flat for the year, has rebound… [+2026 chars]"
96,"{'id': None, 'name': 'Forbes.com'}","Justin O'Connell, Contributor, Justin O'Connell, Contributor https://www.forbes.com/sites/justinoconnell/",Coinbase Co-Founder Invests In Project To Bridge Bitcoin And Ethereum,"The Keep network, a privacy layer for Ethereum, has closed a private $7.7M token sale led by Paradigm, Fenbushi Capital, ParaFI Capital, A. Capital, and Collaborative Fund.",https://www.forbes.com/sites/justinoconnell/2020/04/03/coinbase-co-founder-invests-in-project-to-bridge-bitcoin-and-ethereum/,https://thumbor.forbes.com/thumbor/fit-in/1200x0/filters%3Aformat%28jpg%29/https%3A%2F%2Fspecials-images.forbesimg.com%2Fimageserve%2F5e87acbabf94c200067fcf33%2F0x0.jpg,2020-04-03T22:18:09Z,"The Keep Network, a privacy layer for Ethereum, has closed a private $7.7M token sale led by Paradigm, Fenbushi Capital, ParaFI Capital, A.Capital, and Collaborative Fund. The Keep Network is an open-source contributor to the tBTC project, which enables Bitco… [+4919 chars]"
97,"{'id': None, 'name': 'Forbes.com'}","Billy Bambrough, Contributor, Billy Bambrough, Contributor https://www.forbes.com/sites/billybambrough/",Visa Is About To Make Bitcoin Spending Easier And Better,"Bitcoin adoption, something that has somewhat stagnated after a burst of activity following bitcoin's epic 2017 rally, is about to get a boost from a surprising source—U.S. credit card giant Visa...",https://www.forbes.com/sites/billybambrough/2020/04/13/visa-is-about-to-make-bitcoin-spending-easier-and-better/,https://thumbor.forbes.com/thumbor/fit-in/1200x0/filters%3Aformat%28jpg%29/https%3A%2F%2Fspecials-images.forbesimg.com%2Fimageserve%2F79990442%2F0x0.jpg,2020-04-13T07:57:31Z,"Bitcoin adoption, something that has somewhat stagnated after a burst of activity following bitcoin's epic 2017 rally, is about to get a boost from a surprising sourceU.S. credit card giant Visa.
San Francisco-based Fold, an app that offers users bitcoin rew… [+1899 chars]"
98,"{'id': None, 'name': 'Forbes.com'}","Billy Bambrough, Contributor, Billy Bambrough, Contributor https://www.forbes.com/sites/billybambrough/",Just One Major Cryptocurrency Is Outperforming Bitcoin Right Now And It’s Climbing Fast,"Bitcoin has rebounded this week, climbing along with gold and other safe-havens as major markets struggle. However, one major cryptocurrency has outpaced bitcoin's gains over the last week and is still rocketing higher...",https://www.forbes.com/sites/billybambrough/2020/04/03/just-one-major-cryptocurrency-is-outperforming-bitcoin-right-now-and-its-climbing-fast/,https://thumbor.forbes.com/thumbor/fit-in/1200x0/filters%3Aformat%28jpg%29/https%3A%2F%2Fspecials-images.forbesimg.com%2Fimageserve%2F1199763300%2F0x0.jpg,2020-04-03T06:39:25Z,"Bitcoin has rebounded this week, climbing along with gold and other safe-havens as major markets struggle. 
The bitcoin price is up just over 2% over the last weekmaking strong gains yesterday as investors search for somewhere to put their cash. 
However, o… [+1763 chars]"
99,"{'id': None, 'name': 'Forbes.com'}","Kyle Torpey, Contributor, Kyle Torpey, Contributor https://www.forbes.com/sites/ktorpey/",Report Indicates Halving Event May Cause Bitcoin Price Drop,A recent report from Coin Metrics indicates the upcoming halving could lead to a Bitcoin price drop caused by increased sell pressure from miners.,https://www.forbes.com/sites/ktorpey/2020/04/15/report-indicates-halving-event-may-cause-bitcoin-price-drop/,https://thumbor.forbes.com/thumbor/fit-in/1200x0/filters%3Aformat%28jpg%29/https%3A%2F%2Fspecials-images.forbesimg.com%2Fimageserve%2F41490950%2F0x0.jpg,2020-04-16T02:10:00Z,"A technician makes repairs to bitcoin mining machines at a mining facility operated by Bitmain ... [+] Technologies Ltd. in Ordos, Inner Mongolia, China, on Friday, Aug. 11, 2017. (Qilai Shen/Bloomberg)
© 2017 Bloomberg Finance LP
Over the past year, many s… [+5449 chars]"
